"Signature","Position","Length","Spacer length","Mismatch count","Sequence","Spacer","Opposite"
"10-10-1","147","10","10","1","AAAAAAAGGT","AGCAAATTCC","ACCTTATTTT"
"10-3-1","171","10","3","1","TATTTTTTTT","CTA","ATAAAAAATA"
"11-8-0","182","11","8","0","TAATAAAAAAT","ATATAGTA","ATTTTTTATTA"
"11-4-0","222","11","4","0","TTATTTATTAT","TAAT","ATAATAAATAA"
"11-6-0","263","11","6","0","TCTATAAAAAT","TTGCTC","ATTTTTATAGA"
"16-7-1","302","16","7","1","AATATAAGCCCTCTTT","CTTATTT","AAAGAAGGCTTATATT"
"10-10-1","479","10","10","1","GTTAATAATA","TCAGCCCAAG","TATTAATAAC"
"10-0-1","1207","10","0","1","CGGAAATAAT","","ATTGTTTCCG"
"11-0-1","1842","11","0","1","TTCTCTATGTA","","TACATAGAAAA"
"12-9-1","1970","12","9","1","GATAATAAAAAA","TAATTGATT","TTTTTTGTTATC"
"10-2-1","2590","10","2","1","TAAATTATCT","TT","AGATAATTGA"
"10-0-1","4429","10","0","1","GATAAATAGA","","TCCATTTATC"
"10-7-1","4670","10","7","1","TTATGATGAA","GAAATTA","TTCATAATAA"
"12-1-1","4688","12","1","1","TCATAATAATAT","A","ATATTATTATAA"
"11-1-1","4693","11","1","1","ATAATATAATA","T","TATTATAATAT"
"12-6-1","4696","12","6","1","ATATAATATTAT","TATAAT","ATAATAATATAT"
"11-1-1","4697","11","1","1","TATAATATTAT","T","ATAATATAATA"
"11-1-0","4701","11","1","0","ATATTATTATA","A","TATAATAATAT"
"10-0-1","4716","10","0","1","AATAATATAT","","ATATATTTTT"
"11-8-1","4910","11","8","1","TTAGTATTCGT","ACCTTAGG","AGGAATACTAA"
"12-2-1","5628","12","2","1","TTGAAAACAGGA","TT","TCCTTTTTTCAA"
"11-7-1","6000","11","7","1","TACTCTTTTTT","ATATTAC","AAAAAAGTGTA"
"18-2-1","6355","18","2","1","AAATCTATATTTATATAT","AA","ATAAATAAATATAGATTT"
"10-0-1","6360","10","0","1","TATATTTATA","","TATAAATAAA"
"10-0-1","6362","10","0","1","TATTTATATA","","TAAATAAATA"
"10-8-1","6371","10","8","1","ATAAATAAAT","AAATATAG","ATTTTTTTAT"
"11-4-1","6374","11","4","1","AATAAATAAAT","ATAG","ATTTTTTTATT"
"11-4-1","6866","11","4","1","CTTTCATTCTC","ATAA","GAGAATAAAAG"
"10-8-1","6939","10","8","1","TTTATTTTTT","CCTTATAT","AAAAAATATA"
"13-2-1","7530","13","2","1","AAAAATAGAGAAT","CT","ATTCTCTTTTTTT"
"12-7-1","8087","12","7","1","TATATAAATATA","TATATCC","TATATTTAAATA"
"11-1-1","8111","11","1","1","TTAAATATATA","A","TATATATATAA"
"13-0-1","8115","13","0","1","ATATATAATATAT","","ATATAATATATAT"
"12-0-1","8115","12","0","1","ATATATAATATA","","TATATAATATAT"
"17-10-1","8116","17","10","1","TATATAATATATATATA","ATATATATCC","TATATATAAATTATATA"
"14-5-1","8127","14","5","1","TATATAATATATAT","CCTAT","ATATAAATTATATA"
"11-8-1","8152","11","8","1","ATTATATAAAT","CCTCTATT","ATATATATAAT"
"10-0-1","8165","10","0","1","TCTATTATAT","","ATATAATATA"
"15-1-1","8165","15","1","1","TCTATTATATATATA","A","TATATATATAATATA"
"14-0-1","8171","14","0","1","ATATATATAATATA","","TATATAATATATAT"
"13-0-1","8173","13","0","1","ATATATAATATAT","","ATATAATATATAT"
"14-3-0","8174","14","3","0","TATATAATATATAT","ATA","ATATATATTATATA"
"18-3-1","8178","18","3","1","TAATATATATATAATATA","TAT","TATATAATATATATATTA"
"16-1-1","8182","16","1","1","ATATATATAATATATA","T","TATATAATATATATAT"
"10-0-0","8185","10","0","0","TATATAATAT","","ATATTATATA"
"10-8-0","8189","10","8","0","TAATATATAT","TATATAAT","ATATATATTA"
"11-0-0","8191","11","0","0","ATATATATTAT","","ATAATATATAT"
"10-10-0","8198","10","10","0","TTATATAATA","TATATATTAC","TATTATATAA"
"11-6-1","8353","11","6","1","TTTTTATTTTG","TCTCGT","CAAAACAAAAA"
"10-8-1","8873","10","8","1","TTGAATTGGA","TGACTATT","TACAATTCAA"
"20-1-1","9493","20","1","1","TAGCAATTGTGTATTGAATT","C","ACTTCAATACACAATTGCTA"
"10-9-1","9554","10","9","1","TTTTTTTAAC","AATAGGAAA","GTAAAAAAAA"
"11-0-1","9660","11","0","1","CAATATAAATA","","TATCTATATTG"
"12-2-1","9661","12","2","1","AATATAAATATA","TC","TATATTGATATT"
"11-0-1","9706","11","0","1","TATATATTATA","","TATAATATCTA"
"10-10-1","10127","10","10","1","ATAACCATTT","GTTCCGGTAT","AAATGGTCAT"
"10-8-1","11519","10","8","1","AAGGAAATAA","TTAATCAG","TTATTTCTTT"
"10-5-1","11741","10","5","1","AAGTTGAATT","AATCA","AATTCAATTT"
"11-4-1","12383","11","4","1","TATTTAGTCTA","CATT","TAGACTATATA"
"11-6-1","12823","11","6","1","ATAAAAAAGGA","ACTCTG","TCCTTTTTTTT"
"10-8-1","12848","10","8","1","TTTTTATTCT","TTTTATTG","AAAATAAAAA"
"11-3-0","12854","11","3","0","TTCTTTTTATT","GAA","AATAAAAAGAA"
"14-9-1","12915","14","9","1","TTTGTAAACAGAAT","CAAAAACCT","ATTCTATTTACAAA"
"11-10-0","16882","11","10","0","TAATTATTGTG","GACGTTTCCT","CACAATAATTA"
"10-0-1","18540","10","0","1","TTTCTTTCGG","","CGGAAAGAAA"
"10-10-1","19987","10","10","1","CTATTAATCG","GCTAATAAGT","CGTTTAATAG"
"11-3-1","21973","11","3","1","TTTCATTTTAT","AAA","ATAAAGTGAAA"
"10-1-1","22507","10","1","1","TGGGAGTATT","G","AATACACCCA"
"10-6-1","23880","10","6","1","TTTATTTCAC","GTTTCT","GTGAAATATA"
"10-10-0","24918","10","10","0","AAAAAAAGCA","TCCGTATCCG","TGCTTTTTTT"
"10-9-1","25659","10","9","1","AAAATAGCAT","TTTCTTTTG","ATCCTATTTT"
"10-8-1","26616","10","8","1","GTAATTTCAT","TTTCACCT","ATGATATTAC"
"11-0-1","27063","11","0","1","TTATAGAGCTA","","TAGTTCTATAA"
"12-9-1","27206","12","9","1","ATTTCTAATGAT","TTTCTTAAT","ATTATTAGAAAT"
"10-0-0","27338","10","0","0","AAAATCTATA","","TATAGATTTT"
"10-9-1","28519","10","9","1","TATTAAGATA","TTTCACTTG","TATCTTTATA"
"20-0-0","28567","20","0","0","GCTAGTATGGTAGAAAGAGA","","TCTCTTTCTACCATACTAGC"
"11-5-1","29166","11","5","1","TTCTTTACAAA","AAGAG","TTTCTAAAGAA"
"13-2-1","29341","13","2","1","AAAAAAAATTAAC","GA","GTTAATTTTTCTT"
"10-1-1","29928","10","1","1","ATTTCAATTT","T","AAATTCAAAT"
"10-0-1","29986","10","0","1","TGATATCTAT","","ATGGATATCA"
"10-1-1","30048","10","1","1","ATTATCAAAT","C","AATTGATAAT"
"14-3-0","30064","14","3","0","ATAATCTATTTTTT","ACA","AAAAAATAGATTAT"
"12-0-0","30556","12","0","0","ATCATACTATGA","","TCATAGTATGAT"
"11-7-1","30729","11","7","1","TTTTTATATTT","GAAGTGG","AAATATTAAAA"
"10-1-1","31229","10","1","1","AATTTGAAGT","C","AATTCAAATT"
"12-1-1","31295","12","1","1","TGTATATATATT","T","AATATATATATA"
"12-1-1","31297","12","1","1","TATATATATTTA","A","TATATATATATA"
"11-1-1","31297","11","1","1","TATATATATTT","A","ATATATATATA"
"11-0-1","31308","11","0","1","AATATATATAT","","ATATATAGATT"
"10-9-1","31475","10","9","1","ATTTGAAAGT","CTATAATTT","AATTTCAAAT"
"11-9-1","31671","11","9","1","GATTTTTCGAT","AGATTAGAA","ATCGACAAATC"
"11-0-1","31864","11","0","1","ATATATTTCAT","","AGGAAATATAT"
"10-8-1","32152","10","8","1","TTTTATTTAA","ATATTGAA","TTAAATATAA"
"10-10-1","32154","10","10","1","TTATTTAAAT","ATTGAATTAA","ATATAAATAA"
"10-6-1","32333","10","6","1","GTATTTAATA","GACAAG","TATTTAATAC"
"10-8-1","32366","10","8","1","AAAGAAAAAA","AAAAGTTC","TTTATTCTTT"
"10-1-1","32514","10","1","1","AAAATCAAAA","A","TTTTGATCTT"
"10-0-1","32722","10","0","1","CCTTGGTAAA","","TTTACCAAAG"
"20-9-0","35204","20","9","0","TAAATTTTTCTGGCTCGGCT","ATACTATCC","AGCCGAGCCAGAAAAATTTA"
"10-7-1","35567","10","7","1","TGAAGTAAAA","AAGAACC","TTTAACTTCA"
"11-0-1","36255","11","0","1","AATATTAAATT","","AAATTAATATT"
"12-8-1","36265","12","8","1","TAAATTAATATT","CAAGAATT","AATATTAATATA"
"18-0-1","36318","18","0","1","ATATATATTATTAATATA","","TATATTTATAATATATAT"
"10-1-0","36318","10","1","0","ATATATATTA","T","TAATATATAT"
"20-1-1","36326","20","1","1","TATTAATATATATATTTATA","A","TATATATATATATATTAATA"
"14-1-1","36331","14","1","1","ATATATATATTTAT","A","ATATATATATATAT"
"11-3-0","36331","11","3","0","ATATATATATT","TAT","AATATATATAT"
"10-0-0","36344","10","0","0","TAATATATAT","","ATATATATTA"
"15-1-1","37320","15","1","1","CCTATATTTTTTTTA","T","TAAAAAAAATATATG"
"10-5-1","37322","10","5","1","TATATTTTTT","TTATT","AAAAAAAATA"
"10-10-1","42905","10","10","1","TTTTTTGTTT","TTCTTGGATT","AAACAAAAGA"
"10-0-0","42970","10","0","0","TTAATTAATA","","TATTAATTAA"
"12-0-1","42974","12","0","1","TTAATATATTAA","","TTAATATAATAA"
"10-1-1","43109","10","1","1","TTTGAAAAAG","A","CTTTTTCATA"
"12-1-1","43230","12","1","1","ATTTATCTCATA","T","TATGATATAAAT"
"10-8-1","43796","10","8","1","CCGTATGTGA","GATTTTCA","TCTCATACGG"
"12-0-0","44639","12","0","0","TTTGTGAGAAAA","","TTTTCTCACAAA"
"10-0-1","45972","10","0","1","TTTATTGTAT","","ATACAATATA"
"10-6-1","46159","10","6","1","TGATTTTGAA","AGTACA","TTAAAAATCA"
"12-3-1","46238","12","3","1","GACCATCGCATT","ACA","AATGCGATGCTC"
"10-0-1","46470","10","0","1","CTATATATAT","","ATCTATATAG"
"10-1-1","47293","10","1","1","TTAAGAAATA","A","TATTTCTTGA"
"10-1-1","50591","10","1","1","TAATATAATA","A","TATAATATTA"
"10-10-1","50968","10","10","1","AGTATCTATC","TCGATATATC","GATAGATAGT"
"11-4-1","51321","11","4","1","ATTAACTGATC","GAAA","GATCAGTTAGT"
"19-5-1","52128","19","5","1","ATAACTTATTAGACACCAT","GATCA","ATGGTGTCTAATAAGTTTT"
"10-1-1","54306","10","1","1","TATTCATTCA","A","TGAAGGAATA"
"10-2-1","54665","10","2","1","TATTAATATT","TT","AATTTTAATA"
"18-5-0","56445","18","5","0","CTCGGCTCAATCTTTTTT","TTACT","AAAAAAGATTGAGCCGAG"
"10-5-1","56730","10","5","1","TTTTCATTCC","GTATT","GGAATAAAAA"
"10-5-1","56747","10","5","1","AATAAAAAAA","GTTTT","TTTTTATATT"
"10-10-1","58841","10","10","1","CTAATTTCTA","ATCAATTTTG","TAGAAATTTG"
"10-3-1","59339","10","3","1","TCAAAAAAAT","AAG","ATTTTTTAGA"
"14-1-1","60360","14","1","1","AAAAAACGAAAGAA","T","TTCTTTCTTTTTTT"
"11-0-1","60642","11","0","1","TTCTATTCGAA","","TTAGAATAGAA"
"10-7-1","60746","10","7","1","AAAAAAGAAA","GCATTCA","TTCCTTTTTT"
"10-3-1","60878","10","3","1","TTTTTTGAAT","GAT","ATTCAAGAAA"
"10-3-1","60892","10","3","1","TTCAAGAAAA","AAG","TTTTCTAGAA"
"10-5-1","62044","10","5","1","GAAAAGATAG","GAAAT","CTTTCTTTTC"
"11-7-1","62790","11","7","1","TTATTTTTCAA","TAAAAAT","TTGAAAAATGA"
"13-6-1","62892","13","6","1","TTTCTAGTCAAAT","GGCAAA","ATTTGACTAGATA"
"17-10-0","63029","17","10","0","TCGACACAAGAAAAGGA","ATTTTAGACA","TCCTTTTCTTGTGTCGA"
"10-6-1","63310","10","6","1","AAAAGGGAAT","GAAGTG","ATTCCCCTTT"
"11-9-1","63333","11","9","1","TTTTTTATTCT","ATCTTTGAA","AGATTAAAAAA"
"10-4-1","65232","10","4","1","AATTTAATCT","AATG","AGTTTAAATT"
"10-4-1","65564","10","4","1","ATTGATAATT","CACA","AATTTTCAAT"
"10-1-1","65888","10","1","1","AATTACCAAA","T","TTTGGTCATT"
"12-8-1","66303","12","8","1","TTTTCTTTTTTT","TTTTTTCT","AAAAAACGAAAA"
"11-3-1","66379","11","3","1","ATATACTATAT","CAT","ACATAGTATAT"
"12-0-1","66870","12","0","1","ATTATATATATT","","ACTATATATAAT"
"20-9-0","67122","20","9","0","CCCCCCCACCTTTTCTAATT","AGTAGAATA","AATTAGAAAAGGTGGGGGGG"
"13-8-1","67327","13","8","1","TATTTTTTTTATT","TAATTACT","AATAAATAAAATA"
"11-4-1","67333","11","4","1","TTTTATTTAAT","TACT","AATAAATAAAA"
"11-8-1","67744","11","8","1","TATCTATATAT","TATTACAT","ATATATAAATA"
"13-10-1","67816","13","10","1","TAATTCTATATAG","AAATTCTATC","CTATATAGAAATA"
"10-1-0","67863","10","1","0","TATTTTGATC","C","GATCAAAATA"
"12-8-1","68884","12","8","1","ATGAATAACTAA","TTCTTTTT","TTAGTTATTCTT"
"10-7-1","70521","10","7","1","GAATTTTTTT","TTAATCT","AAAAAATTTC"
"10-5-1","71893","10","5","1","AAAAAGAGAA","TGAAG","TTCTCTATTT"
"10-4-1","73400","10","4","1","CCCGTCTTTA","GAAA","TAAAGAAGGG"
"22-0-0","74205","22","0","0","TTAACGTAATCAGCCTCCAAAT","","ATTTGGAGGCTGATTACGTTAA"
"10-8-1","76714","10","8","1","TGTTTTTAGT","TATTTTGG","ACTAAAAAAA"
"13-5-1","77770","13","5","1","ATTCTAATTAATT","TAATT","AATTAATTAAAAT"
"11-0-1","77779","11","0","1","AATTTAATTAA","","TTAATTAAAAT"
"11-7-1","77832","11","7","1","AATTTGAAAAT","CCATTTC","AATTTCAAATT"
"10-4-1","80669","10","4","1","CTAACTATCG","CTAT","CGATATTTAG"
"11-3-1","81709","11","3","1","TAATGATTAAT","TCT","ATTAATCATGA"
"11-0-0","81852","11","0","0","TTTGTTAGAAT","","ATTCTAACAAA"
"10-4-1","81905","10","4","1","TTTTTTATTA","CTTT","TATTAAAAAA"
"10-2-1","81913","10","2","1","TACTTTTATT","AA","AAAAAAAGTA"
"11-0-1","81930","11","0","1","AAGTATTCGCC","","GGCGAATATTT"
"10-0-1","82712","10","0","1","TTTTATTTTT","","AAACATAAAA"
"10-10-1","83413","10","10","1","CAAACCAAAG","AGAATGATGA","CTTTGGGTTG"
"11-4-1","83903","11","4","1","AAAGCATATAC","TTCC","GTATATGATTT"
"11-8-1","83966","11","8","1","TCAAAAAAAAT","CTATATTC","ATTTTTTTTAA"
"10-6-1","85404","10","6","1","ACCTAATTGG","TTACTT","CCAATTACGT"
"10-9-1","86485","10","9","1","TCAATTCAAA","TCCTGGATT","TTCGAATTGA"
"10-5-1","87781","10","5","1","TCCTTCCTTT","ATTCA","AACGGAAGGA"
"10-1-1","90245","10","1","1","AAATATCTAA","A","TTTGATATTT"
"11-9-1","90245","11","9","1","AAATATCTAAA","TTTGATATT","TTTAGATACTT"
"10-7-1","94011","10","7","1","CCATCCAGTG","CCAAAGT","CACTGAATGG"
"10-4-1","94518","10","4","1","TTATATATAT","ATTA","ATATATATTA"
"10-4-1","97444","10","4","1","GGATCTATGT","GTCT","ATATAGATCC"
"10-1-1","98145","10","1","1","TACTCACTTT","T","AAATTGAGTA"
"11-0-1","99351","11","0","1","TTTATTTTTGA","","TCAAAAAAAAA"
"12-7-1","99452","12","7","1","ATCGATAGAGAA","CCTTTTC","TTCTGTATCGAT"
"10-4-1","99770","10","4","1","ACAGAAAAGA","CAGT","TCTTTTCTTT"
"10-5-1","99772","10","5","1","AGAAAAGACA","GTTCT","TTTCTTTTCT"
"11-7-1","102731","11","7","1","AAAGAGAGAGA","TGGGGTT","TCTCTCGCTTT"
"10-4-1","102772","10","4","1","GCGGGCCCCC","AGCA","GGAGGCCCGC"
"11-7-1","108103","11","7","1","TTTTTCATATT","GAAAAAA","AAAATGAAAAA"
"11-4-1","108979","11","4","1","CATTCTGAATT","CTTA","AATTCGGAATG"
"13-6-1","110007","13","6","1","TATTAGGTCTAAT","GTAGTT","ATTAGATCTAATA"
"11-0-1","110021","11","0","1","TAGTTATTAGA","","TCTAATAAGTA"
"10-1-1","110387","10","1","1","AAAATTCGAA","T","TTAGAATTTT"
"10-3-1","112405","10","3","1","ATTTATGGTC","CAA","GACCATACAT"
"12-4-0","112637","12","4","0","ATAAAATAAAAA","ATCC","TTTTTATTTTAT"
"20-1-1","113803","20","1","1","AAGATCTTTTATTTCCTCTT","A","ATGAGGAAATAAAAGATCTT"
"14-4-1","113902","14","4","1","ATCAAAAAAAATAT","TTTG","ATAATTTTTTTGAT"
"14-0-1","114026","14","0","1","ATTTTTTTTCATAT","","AAATGAAAAAAAAT"
"13-8-1","114187","13","8","1","AAATTTTAATAAA","TTGGCTTC","TTTATTTAAATTT"
"10-8-1","114242","10","8","1","AACTTGTTAA","TATTGTTT","TGAACAAGTT"
"11-5-1","114395","11","5","1","TACCCGACTTT","TTTCT","AAAATCGGGTA"
"10-3-1","114434","10","3","1","AATTTATTAA","TTT","TTAACAAATT"
"10-0-1","114999","10","0","1","TAAAAAAAAA","","TTTTTTATTA"
"16-10-0","115559","16","10","0","AGAACCTTTTGAATCA","AGTAGTACAA","TGATTCAAAAGGTTCT"
"10-6-1","117079","10","6","1","TTATTTCCCC","TATGCG","GGAGAAATAA"
"11-0-1","118293","11","0","1","ATTCAATCAAA","","TTTAATTGAAT"
"10-2-0","118628","10","2","0","TCCACAGATT","GA","AATCTGTGGA"
"10-1-1","119820","10","1","1","AATGAATATA","T","TAGATTCATT"
"10-9-1","120766","10","9","1","TTTTATTTTC","GAAATATAT","GAAAAAAAAA"
"11-10-1","122458","11","10","1","AAATTCATCGT","AAGACTCATA","ACGATCAATTT"
"10-9-1","124066","10","9","1","TATGCAAAAC","GGTGGTCAA","GTTTTGAATA"
"11-9-1","124081","11","9","1","TCAAGTTTTGA","ATATTCTTA","TCAAATCTTGA"
"11-3-1","125047","11","3","1","AATCAAAAAAG","TTT","CTTTTTTTATT"
"14-0-1","125350","14","0","1","AAAAAAGATTATAT","","ATAGAATCTTTTTT"
"11-7-1","125610","11","7","1","GAATTCAAAAA","GGTTTTA","TTTTTCAATTC"
"10-5-1","125851","10","5","1","AAATAAAATA","AAGAG","TATTTTTTTT"
"11-6-1","125918","11","6","1","AATTTTTTTTG","TTGATT","CAAAAAAAAGT"
"10-1-1","125923","10","1","1","TTTTTGTTGA","T","TCAAAAAAAA"
"12-10-1","126678","12","10","1","TTAAGATAAAAA","GGAAATAGGA","TTTTTATCTGAA"
"13-3-1","127438","13","3","1","TTTTATTGATTTC","AGG","GAAATCCATAAAA"
"11-4-1","128000","11","4","1","CCTTTTTTGGA","TCAT","TTCAAAAAAGG"
"10-7-1","128044","10","7","1","ATGTAAAAGA","TATTCGT","TCTTTTCCAT"
"10-1-1","128242","10","1","1","AAAATTCTAA","A","TTCGAATTTT"
"11-0-1","128607","11","0","1","TACTTATTAGA","","TCTAATAACTA"
"13-6-1","128611","13","6","1","TATTAGATCTAAT","AACTAC","ATTAGACCTAATA"
"11-4-1","129645","11","4","1","CATTCCGAATT","TAAG","AATTCAGAATG"
"11-7-1","130518","11","7","1","TTTTTCATTTT","TTTTTTC","AATATGAAAAA"
"10-4-1","135854","10","4","1","GCGGGCCTCC","TGCT","GGGGGCCCGC"
"11-7-1","135890","11","7","1","AAAGCGAGAGA","AACCCCA","TCTCTCTCTTT"
"10-5-1","138853","10","5","1","AGAAAAGAAA","AGAAC","TGTCTTTTCT"
"10-4-1","138856","10","4","1","AAAGAAAAGA","ACTG","TCTTTTCTGT"
"12-7-1","139167","12","7","1","ATCGATACAGAA","GAAAAGG","TTCTCTATCGAT"
"11-0-1","139277","11","0","1","TTTTTTTTTGA","","TCAAAAATAAA"
"10-1-1","140484","10","1","1","TACTCAATTT","A","AAAGTGAGTA"
"10-4-1","141182","10","4","1","GGATCTATAT","AGAC","ACATAGATCC"
"10-4-1","144108","10","4","1","TAATATATAT","TAAT","ATATATATAA"
"10-7-1","144612","10","7","1","CCATTCAGTG","ACTTTGG","CACTGGATGG"
"11-9-1","148374","11","9","1","AAGTATCTAAA","AATATCAAA","TTTAGATATTT"
"10-1-1","148384","10","1","1","AAATATCAAA","T","TTAGATATTT"
"10-5-1","150844","10","5","1","TCCTTCCGTT","TGAAT","AAAGGAAGGA"
"10-9-1","152136","10","9","1","TCAATTCGAA","AATCCAGGA","TTTGAATTGA"
"10-6-1","153220","10","6","1","ACGTAATTGG","AAGTAA","CCAATTAGGT"
